key,value,unit,status,publisher,published_on,source_url,note
rate.home,0.265,CHF/kWh,sourced,"ElCom via the Federal Council, press release on 2027 electricity tariffs",2026-09-08,https://www.admin.ch/de/newnsb/1miE201yRzoA,"National median 2027, profile H4 (4,500 kWh a year): 26.5 Rp./kWh. 2026 was 27.7. TCS Kilometerkosten 2026 (6 Jan 2026) used 28 rappen. Replaced by the ElCom canton or commune figure when one is picked."
rate.homeSpecial,0.21,CHF/kWh,placeholder,,,,Home electricity on an off-peak or electric-car tariff. Illustrative.
rate.work,0.18,CHF/kWh,placeholder,,,,Illustrative staff rate at work. Not free electricity.
rate.public,0.59,CHF/kWh,placeholder,,,,"TCS 2026 (page undated): DC average 59 Rp./kWh, AC average 50. The model uses the DC average. Prices differ by half or more between providers."
rate.publicPlan,0.51,CHF/kWh,placeholder,,,,"TCS 2026 (page undated): DC with a subscription 51 Rp./kWh, AC budget 40. The model uses the DC subscription figure."
rate.pv,0.06,CHF/kWh,placeholder,,,,"Own solar power, opportunity cost."
rate.pvShare,0.4,share,placeholder,,,,Share of home kilometres charged from own solar when the switch is on.
rate.rentalDay,75,CHF/day,placeholder,,,,Day rate for a larger rental car. Not a rental company.
rate.travelCard,4095,CHF/year,sourced,"Federal Department of Economic Affairs, Education and Research (WBF), Price Supervisor",2026-08-04,https://www.wbf.admin.ch/de/newnsb/AU8_APWrkLN5RPPMOlCGk,"Second-class adult travel card (GA) for a year: 4,095 CHF from 13 Dec 2026, the federal release on the fare measures for December 2026 (100 CHF more instead of the 200 first proposed). Until 12 Dec 2026 it is 3,995 on the SBB page. It is the ceiling for going without a car: a half-fare card with single tickets can cost less if you travel little."
rate.wallbox,2200,CHF,placeholder,,,,"Observed range 900 to 2,500 CHF for one wallbox (Beobachter, undated). Up to 15,000 CHF for an 18-bay building."
rate.sharedInstall,1500,CHF,placeholder,,,,"Unverified. Reported cases run up to 15,000 CHF for an 18-bay building (Beobachter, undated)."
rate.batteryCheck,250,CHF,placeholder,,,,Battery-health check on a used car.
rate.horizon,8,years,sourced,"EnergieSchweiz, Swiss Federal Office of Energy",2023-03-23,https://www.newsd.admin.ch/newsd/message/attachments/76353.pdf,Window of the picture.
pump.petrol,1.83,CHF/litre,sourced,"TCS (Touring Club Schweiz), Benzinpreise Schweiz",2026-09-19,https://www.tcs.ch/de/camping-reisen/reiseinformationen/wissenswertes/fahrkosten-gebuehren/benzinpreise-schweiz.php,"Euro-Super 95. Derived: the time-weighted average of the 23 entries in the TCS table from 1 Jan to 19 Sep 2026 (261 days), each price counted from its date to the next entry. The latest single price, 19 Sep, is 2.14, the highest of the year; the lowest is 1.61 (3 Feb). TCS Kilometerkosten 2026 (6 Jan 2026) used 1.71 as a yearly average. Replaced by a federal monthly average if one is wired."
pump.diesel,2.03,CHF/litre,sourced,"TCS (Touring Club Schweiz), Benzinpreise Schweiz",2026-09-19,https://www.tcs.ch/de/camping-reisen/reiseinformationen/wissenswertes/fahrkosten-gebuehren/benzinpreise-schweiz.php,"Diesel. Derived: the time-weighted average of the 23 entries in the TCS table from 1 Jan to 19 Sep 2026 (261 days), each price counted from its date to the next entry. The latest single price, 19 Sep, is 2.46, the highest of the year; the lowest is 1.73 (3 Feb). Replaced by a federal monthly average if one is wired."
pump.hybrid,1.83,CHF/litre,placeholder,,,,Equals pump.petrol. A hybrid buys petrol: the model reads pump.petrol for it and ignores this row.
spec.small.iceL,5.4,l/100km,placeholder,,,,"Class placeholder, not a quote. For scale: TCS Kilometerkosten 2026 (6 Jan 2026) uses 5 l/100 km for one model car. The federal average of all new cars in 2025 is 5.1 l petrol-equivalent, but it includes electrified cars, so it is not a petrol class figure (BFE, 23 Jun 2026)."
spec.small.iceIns,740,CHF/year,placeholder,,,,"Class placeholder, not a quote. Comparis (19 Aug 2025): fully comprehensive cover is cheaper for an electric car in 70 % of cases. Many insurers expected higher premiums in 2026."
spec.small.iceTax,190,CHF/year,placeholder,,,,"Class placeholder, not a quote."
spec.small.iceMaint,780,CHF/year,placeholder,,,,"Class placeholder, not a quote."
spec.small.resale,4800,CHF,placeholder,,,,"Class placeholder. No public Swiss resale figure by class was found. Used electric listings in 2025 were about 3 % below 2020 levels (AutoScout24, 13 Jan 2026), which says nothing by class. Needs a Eurotax or AutoScout24 extract."
spec.small.bevNew,27900,CHF,placeholder,,,,"Class placeholder. Swiss average listing price of a new electric car: 51,424 CHF in Q1 2026, down 4.2 % (AutoScout24, 9 Apr 2026). The 2025 full-year average was 56,229 CHF, down 8.1 % (AutoScout24, 13 Jan 2026). Not comparable by class."
spec.small.bevUsed,16800,CHF,placeholder,,,,"Class placeholder. Swiss average listing price of a used electric car: 40,599 CHF in Q1 2026, down 3.2 % (AutoScout24, 9 Apr 2026). The 2025 full-year average was 43,549 CHF, down 8.3 % (AutoScout24, 13 Jan 2026). Skewed by expensive models."
spec.small.kwh,14.2,kWh/100km,placeholder,,,,"Class placeholder, not a quote. For scale: TCS Kilometerkosten 2026 (6 Jan 2026) uses 18 kWh/100 km for one model car. The TCS winter test of 26 Jan 2026 (about 0 °C) measured 22.2 (Tesla Model Y) to 31.6 (Volvo EX90). The EnergieSchweiz label shows 13 to 30.6 across models (Oct 2023)."
spec.small.battery,40,kWh,placeholder,,,,"Usable battery, class placeholder. Used only for the ordinary-week strip, never for francs."
spec.small.bevIns,700,CHF/year,placeholder,,,,"Class placeholder, not a quote. Comparis (19 Aug 2025): fully comprehensive cover is cheaper for an electric car in 70 % of cases. Zurich states a discount of up to 20 %. That ceiling is not applied."
spec.small.bevTax,70,CHF/year,placeholder,,,,"Class placeholder, not a quote."
spec.small.bevMaint,470,CHF/year,placeholder,,,,"Class placeholder, not a quote."
spec.compact.iceL,6.1,l/100km,placeholder,,,,"Class placeholder, not a quote. For scale: TCS Kilometerkosten 2026 (6 Jan 2026) uses 5 l/100 km for one model car. The federal average of all new cars in 2025 is 5.1 l petrol-equivalent, but it includes electrified cars, so it is not a petrol class figure (BFE, 23 Jun 2026)."
spec.compact.iceIns,920,CHF/year,placeholder,,,,"Class placeholder, not a quote. Comparis (19 Aug 2025): fully comprehensive cover is cheaper for an electric car in 70 % of cases. Many insurers expected higher premiums in 2026."
spec.compact.iceTax,270,CHF/year,placeholder,,,,"Class placeholder, not a quote."
spec.compact.iceMaint,1080,CHF/year,placeholder,,,,"Class placeholder, not a quote."
spec.compact.resale,8500,CHF,placeholder,,,,"Class placeholder. No public Swiss resale figure by class was found. Used electric listings in 2025 were about 3 % below 2020 levels (AutoScout24, 13 Jan 2026), which says nothing by class. Needs a Eurotax or AutoScout24 extract."
spec.compact.bevNew,34900,CHF,placeholder,,,,"Class placeholder. Swiss average listing price of a new electric car: 51,424 CHF in Q1 2026, down 4.2 % (AutoScout24, 9 Apr 2026). The 2025 full-year average was 56,229 CHF, down 8.1 % (AutoScout24, 13 Jan 2026). Not comparable by class."
spec.compact.bevUsed,19900,CHF,placeholder,,,,"Class placeholder. Swiss average listing price of a used electric car: 40,599 CHF in Q1 2026, down 3.2 % (AutoScout24, 9 Apr 2026). The 2025 full-year average was 43,549 CHF, down 8.3 % (AutoScout24, 13 Jan 2026). Skewed by expensive models."
spec.compact.kwh,16.5,kWh/100km,placeholder,,,,"Class placeholder, not a quote. For scale: TCS Kilometerkosten 2026 (6 Jan 2026) uses 18 kWh/100 km for one model car. The TCS winter test of 26 Jan 2026 (about 0 °C) measured 22.2 (Tesla Model Y) to 31.6 (Volvo EX90). The EnergieSchweiz label shows 13 to 30.6 across models (Oct 2023)."
spec.compact.battery,58,kWh,placeholder,,,,"Usable battery, class placeholder. Used only for the ordinary-week strip, never for francs."
spec.compact.bevIns,860,CHF/year,placeholder,,,,"Class placeholder, not a quote. Comparis (19 Aug 2025): fully comprehensive cover is cheaper for an electric car in 70 % of cases. Zurich states a discount of up to 20 %. That ceiling is not applied."
spec.compact.bevTax,100,CHF/year,placeholder,,,,"Class placeholder, not a quote."
spec.compact.bevMaint,650,CHF/year,placeholder,,,,"Class placeholder, not a quote."
spec.mid.iceL,7.1,l/100km,placeholder,,,,"Class placeholder, not a quote. For scale: TCS Kilometerkosten 2026 (6 Jan 2026) uses 5 l/100 km for one model car. The federal average of all new cars in 2025 is 5.1 l petrol-equivalent, but it includes electrified cars, so it is not a petrol class figure (BFE, 23 Jun 2026)."
spec.mid.iceIns,1120,CHF/year,placeholder,,,,"Class placeholder, not a quote. Comparis (19 Aug 2025): fully comprehensive cover is cheaper for an electric car in 70 % of cases. Many insurers expected higher premiums in 2026."
spec.mid.iceTax,350,CHF/year,placeholder,,,,"Class placeholder, not a quote."
spec.mid.iceMaint,1280,CHF/year,placeholder,,,,"Class placeholder, not a quote."
spec.mid.resale,12500,CHF,placeholder,,,,"Class placeholder. No public Swiss resale figure by class was found. Used electric listings in 2025 were about 3 % below 2020 levels (AutoScout24, 13 Jan 2026), which says nothing by class. Needs a Eurotax or AutoScout24 extract."
spec.mid.bevNew,46900,CHF,placeholder,,,,"Class placeholder. Swiss average listing price of a new electric car: 51,424 CHF in Q1 2026, down 4.2 % (AutoScout24, 9 Apr 2026). The 2025 full-year average was 56,229 CHF, down 8.1 % (AutoScout24, 13 Jan 2026). Not comparable by class."
spec.mid.bevUsed,26800,CHF,placeholder,,,,"Class placeholder. Swiss average listing price of a used electric car: 40,599 CHF in Q1 2026, down 3.2 % (AutoScout24, 9 Apr 2026). The 2025 full-year average was 43,549 CHF, down 8.3 % (AutoScout24, 13 Jan 2026). Skewed by expensive models."
spec.mid.kwh,18.2,kWh/100km,placeholder,,,,"Class placeholder, not a quote. For scale: TCS Kilometerkosten 2026 (6 Jan 2026) uses 18 kWh/100 km for one model car. The TCS winter test of 26 Jan 2026 (about 0 °C) measured 22.2 (Tesla Model Y) to 31.6 (Volvo EX90). The EnergieSchweiz label shows 13 to 30.6 across models (Oct 2023)."
spec.mid.battery,66,kWh,placeholder,,,,"Usable battery, class placeholder. Used only for the ordinary-week strip, never for francs."
spec.mid.bevIns,1040,CHF/year,placeholder,,,,"Class placeholder, not a quote. Comparis (19 Aug 2025): fully comprehensive cover is cheaper for an electric car in 70 % of cases. Zurich states a discount of up to 20 %. That ceiling is not applied."
spec.mid.bevTax,130,CHF/year,placeholder,,,,"Class placeholder, not a quote."
spec.mid.bevMaint,770,CHF/year,placeholder,,,,"Class placeholder, not a quote."
spec.suv.iceL,8.4,l/100km,placeholder,,,,"Class placeholder, not a quote. For scale: TCS Kilometerkosten 2026 (6 Jan 2026) uses 5 l/100 km for one model car. The federal average of all new cars in 2025 is 5.1 l petrol-equivalent, but it includes electrified cars, so it is not a petrol class figure (BFE, 23 Jun 2026)."
spec.suv.iceIns,1380,CHF/year,placeholder,,,,"Class placeholder, not a quote. Comparis (19 Aug 2025): fully comprehensive cover is cheaper for an electric car in 70 % of cases. Many insurers expected higher premiums in 2026."
spec.suv.iceTax,470,CHF/year,placeholder,,,,"Class placeholder, not a quote."
spec.suv.iceMaint,1520,CHF/year,placeholder,,,,"Class placeholder, not a quote."
spec.suv.resale,16500,CHF,placeholder,,,,"Class placeholder. No public Swiss resale figure by class was found. Used electric listings in 2025 were about 3 % below 2020 levels (AutoScout24, 13 Jan 2026), which says nothing by class. Needs a Eurotax or AutoScout24 extract."
spec.suv.bevNew,58900,CHF,placeholder,,,,"Class placeholder. Swiss average listing price of a new electric car: 51,424 CHF in Q1 2026, down 4.2 % (AutoScout24, 9 Apr 2026). The 2025 full-year average was 56,229 CHF, down 8.1 % (AutoScout24, 13 Jan 2026). Not comparable by class."
spec.suv.bevUsed,32900,CHF,placeholder,,,,"Class placeholder. Swiss average listing price of a used electric car: 40,599 CHF in Q1 2026, down 3.2 % (AutoScout24, 9 Apr 2026). The 2025 full-year average was 43,549 CHF, down 8.3 % (AutoScout24, 13 Jan 2026). Skewed by expensive models."
spec.suv.kwh,21,kWh/100km,placeholder,,,,"Class placeholder, not a quote. For scale: TCS Kilometerkosten 2026 (6 Jan 2026) uses 18 kWh/100 km for one model car. The TCS winter test of 26 Jan 2026 (about 0 °C) measured 22.2 (Tesla Model Y) to 31.6 (Volvo EX90). The EnergieSchweiz label shows 13 to 30.6 across models (Oct 2023)."
spec.suv.battery,77,kWh,placeholder,,,,"Usable battery, class placeholder. Used only for the ordinary-week strip, never for francs."
spec.suv.bevIns,1260,CHF/year,placeholder,,,,"Class placeholder, not a quote. Comparis (19 Aug 2025): fully comprehensive cover is cheaper for an electric car in 70 % of cases. Zurich states a discount of up to 20 %. That ceiling is not applied."
spec.suv.bevTax,170,CHF/year,placeholder,,,,"Class placeholder, not a quote."
spec.suv.bevMaint,1220,CHF/year,placeholder,,,,"Class placeholder, not a quote."
spec.van.iceL,9.1,l/100km,placeholder,,,,"Class placeholder, not a quote. For scale: TCS Kilometerkosten 2026 (6 Jan 2026) uses 5 l/100 km for one model car. The federal average of all new cars in 2025 is 5.1 l petrol-equivalent, but it includes electrified cars, so it is not a petrol class figure (BFE, 23 Jun 2026)."
spec.van.iceIns,1290,CHF/year,placeholder,,,,"Class placeholder, not a quote. Comparis (19 Aug 2025): fully comprehensive cover is cheaper for an electric car in 70 % of cases. Many insurers expected higher premiums in 2026."
spec.van.iceTax,430,CHF/year,placeholder,,,,"Class placeholder, not a quote."
spec.van.iceMaint,1580,CHF/year,placeholder,,,,"Class placeholder, not a quote."
spec.van.resale,14200,CHF,placeholder,,,,"Class placeholder. No public Swiss resale figure by class was found. Used electric listings in 2025 were about 3 % below 2020 levels (AutoScout24, 13 Jan 2026), which says nothing by class. Needs a Eurotax or AutoScout24 extract."
spec.van.bevNew,54900,CHF,placeholder,,,,"Class placeholder. Swiss average listing price of a new electric car: 51,424 CHF in Q1 2026, down 4.2 % (AutoScout24, 9 Apr 2026). The 2025 full-year average was 56,229 CHF, down 8.1 % (AutoScout24, 13 Jan 2026). Not comparable by class."
spec.van.bevUsed,30500,CHF,placeholder,,,,"Class placeholder. Swiss average listing price of a used electric car: 40,599 CHF in Q1 2026, down 3.2 % (AutoScout24, 9 Apr 2026). The 2025 full-year average was 43,549 CHF, down 8.3 % (AutoScout24, 13 Jan 2026). Skewed by expensive models."
spec.van.kwh,22.5,kWh/100km,placeholder,,,,"Class placeholder, not a quote. For scale: TCS Kilometerkosten 2026 (6 Jan 2026) uses 18 kWh/100 km for one model car. The TCS winter test of 26 Jan 2026 (about 0 °C) measured 22.2 (Tesla Model Y) to 31.6 (Volvo EX90). The EnergieSchweiz label shows 13 to 30.6 across models (Oct 2023)."
spec.van.battery,75,kWh,placeholder,,,,"Usable battery, class placeholder. Used only for the ordinary-week strip, never for francs."
spec.van.bevIns,1200,CHF/year,placeholder,,,,"Class placeholder, not a quote. Comparis (19 Aug 2025): fully comprehensive cover is cheaper for an electric car in 70 % of cases. Zurich states a discount of up to 20 %. That ceiling is not applied."
spec.van.bevTax,160,CHF/year,placeholder,,,,"Class placeholder, not a quote."
spec.van.bevMaint,1260,CHF/year,placeholder,,,,"Class placeholder, not a quote."
